{
    "mean":[
        2027.566033312388,
        2032.0539910126051,
        2027.5862031827182,
        2032.0500411763585,
        2027.6195078354087,
        2032.026216011653,
        2027.609637410031,
        2032.040949650596
    ],
    "std":[
        30.7824507621627,
        31.472361075429355,
        30.688653718228437,
        31.493316582547685,
        30.65508668687137,
        31.439295794470002,
        30.671030525651936,
        31.493599719369797
    ]
}